time,place,magnitude,depth_km,longitude,latitude,risk,risk_color
2025-08-27 13:27:10.455000+00:00,"35 km SW of Ashkāsham, Afghanistan",5.1,128.261,71.2715,36.4432,Moderate,Yellow
2025-08-27 00:32:35.708000+00:00,western Xizang,4.3,10.0,88.2591,32.9712,Low,Green
2025-08-26 20:16:09.576000+00:00,western Xizang,5.0,10.0,88.446,32.8883,Moderate,Yellow
2025-08-26 02:03:58.184000+00:00,"128 km NW of Saga, China",4.6,10.0,84.3846,30.2245,Low,Green
2025-08-26 00:03:58.155000+00:00,western Xizang,5.1,10.0,87.686,33.9045,Moderate,Yellow
2025-08-25 00:09:41.794000+00:00,"43 km S of Ashkāsham, Afghanistan",4.4,108.231,71.4705,36.2953,Low,Green
